{
"width": 2516, "height": 1894,
"format": "jpg",
"type":"hsh",
"colorspace":"rgb",
"lights": [0.240, 0.438, 0.866, 0.521, 0.269, 0.810, 0.615, -0.036, 0.787, 0.464, -0.382, 0.799, 0.112, -0.539, 0.835, -0.222, -0.413, 0.884, -0.316, -0.029, 0.948, -0.108, 0.313, 0.944, 0.441, 0.470, 0.765, 0.723, 0.160, 0.673, 0.658, -0.306, 0.688, 0.357, -0.602, 0.714, -0.146, -0.614, 0.775, -0.446, -0.319, 0.836, -0.393, 0.248, 0.886, -0.000, 0.562, 0.827, 0.236, 0.677, 0.697, 0.666, 0.410, 0.623, 0.818, -0.051, 0.573, 0.604, -0.550, 0.577, 0.097, -0.772, 0.628, -0.398, -0.572, 0.717, -0.650, -0.027, 0.759, -0.319, 0.570, 0.757, 0.523, 0.655, 0.545, 0.831, 0.241, 0.501, 0.820, -0.356, 0.449, 0.401, -0.788, 0.468, -0.204, -0.815, 0.543, -0.678, 0.363, 0.639, -0.102, 0.778, 0.620, 0.214, 0.889, 0.405, 0.771, 0.520, 0.367, 0.945, -0.059, 0.321, 0.695, -0.630, 0.348, 0.098, -0.933, 0.346, -0.553, -0.714, 0.429, -0.876, 0.005, 0.482, -0.483, 0.727, 0.488, 0.548, 0.807, 0.221, 0.955, 0.241, 0.172, 0.914, -0.381, 0.140, 0.426, -0.890, 0.160, -0.276, -0.935, 0.221, -0.865, -0.403, 0.300, -0.846, 0.444, 0.295, -0.180, 0.946, 0.268],
"nplanes": 12,
"quality": 100,
"materials": [
{
 "scale": [1.21498,1.25973,1.45168,1.23155,1.24666,1.25603,0.702712,0.713985,0.787005,1.26787,1.28191,1.28122],
 "bias": [-0.268899,-0.252105,-0.120867,0.49378,0.49557,0.48956,0.438631,0.408961,0.43817,0.479756,0.481649,0.48125] }
]
}
